paintname,hex
Ōpononi,#d4cdc0
Tōrere Quarter,#e2ddd3
Mason Bay,#d5ccbd
Glinks Gully,#d6cec1
Glinks Gully Double,#c9bdac
St Clair Quarter,#edefee
Manorburn Half,#e2e3e2
Sandfly Point Quarter,#f2f1e9
Mt Aspiring,#e7e7e1
Cardrona Half,#f2f0e9
Epsom,#efeae0
Mt Hutt,#eae9e1
Hakataramea,#eceff0
Mason Bay Quarter,#e8e2d6
Southern Alps,#f7f8f4
Ōpononi Quarter,#e7e2d8
Haast Half,#e3e1da
Manorburn Quarter,#ecebe5
Mt Aspiring Quarter,#f2f1e9
Cape Colville Double,#d8cfbb
Stockyard Point Half,#e2dbcc
Stockyard Point,#d8cebc
Ngarunui Beach,#d6d2c8
Kai Iwi Lakes,#d0cbc2
Kauri Cliffs Double,#c9beae
Kauri Cliffs Quarter,#eae3d8
Dannevirke,#eeebe2
Kauri Cliffs,#d8cdbe
Sandspit,#f3ebd8
Morrinsville,#f3eedf
Haumoana,#e5ebef
Avalanche Creek,#d9dddf
Te Āpiti,#ecebe6
Wairākei Double,#ddded6
Wairākei,#e6e6df
Hoon Hay,#b4ae98
Remuera,#ebe9e0
Ahipara Double,#e4e1d4
Ahipara Half,#eeebe0
Thorndon,#d5cbb9
Marton,#cac1ad
Waiau Bay,#dcd0bb
Muriwai Double,#cfc3aa
Tūpāroa,#d5d0be
Kauri Cliffs Half,#e3dacc
Waiau Bay Half,#e5dccb
Sandrock Bluff Double,#c9bca7
Pukekohe,#bfb5a6
Tōrere Double,#bdb3a6
Morrinsville Double,#efe5d1
Mt Aspiring Double,#deded7
Mason Bay Double,#c7bdab
Hoon Hay Half,#c6bda7
Linton,#cec2ab
Haast Double,#d4ccbe
Haunui Half,#f0f0ed
Foveaux Strait Half,#e0d9ca
Foveaux Strait Double,#c9bfaa
Dannevirke Double,#e7e3d9
Coopers Beach Double,#e9e0cb
Cardrona Double,#dfdace
Aoraki Quarter,#f0f1ec
Aoraki Double,#daddd7
Dingle Burn,#c1b298
Ōreti Double,#cdbea6
Epsom Double,#e9e1d4
Wharekauhau Quarter,#e8ddce
Little Manly Double,#efe8d7
Eastbourne,#ddd0b7
Whāngārā Quarter,#ede5dc
Whāngārā Half,#e6dcd2
Waiotapu,#d8ccc8
Turoa Quarter,#e0e0dc
Waiau Bay Quarter,#ece5d7
St Clair Double,#d1d6d9
Sandrock Bluff Half,#e2dbcc
Howick Quarter,#ece4d8
Howick,#ddd0bf
Howick Half,#e5dbcd
Garston,#e8ded8
Foveaux Strait Quarter,#e6e3d8
Foveaux Strait,#d4cebe
Clarks Beach,#eae4cc
Castlepoint,#d2c1b2
Cape Colville,#e3dece
Ahipara,#eae8dd
Aoraki Half,#eaeeea
Treble Cone Half,#e7e6df
Sandfly Point Half,#f2efe4
Pūpū Springs,#dcd4c3
Ōpononi Double,#c6beaf
Ōpononi Half,#dfdad0
Mt Aspiring Half,#edede5
Glinks Gully Quarter,#e7e1d5
Glinks Gully Half,#e0d8cb
Aoraki,#e4e6df
St Clair,#dfe2e4
St Clair Half,#e7eaea
Sandrock Bluff,#d8cfbd
Sandfly Point Double,#e8e4d6
Muriwai Half,#e5ddca
Muriwai,#ddd2bb
Mason Bay Half,#e0dace
Haast,#dfdace
Duvauchelle,#ece7d9
Coopers Beach,#efebda
Tōrere Half,#d8d2c8
Tōrere,#ccc4b9
Cardrona,#eeece5
Sandfly Point,#eeebdf
Ōkārito,#f1f2f1
Little Manly,#f2efe2
Marton Double,#baaf99
Sandymount,#c0af9c
Sandrock Bluff Quarter,#eae4d8
Lyttelton,#bebfba
Lyttelton Quarter,#dbdad5
Maraetai,#747878
Franz Josef Quarter,#afb0ac
Ti Point,#d7dad8
Manorburn Double,#d0d1ce
Manorburn,#dadad5
Pukeatua,#becac6
Waipoua Forest,#3e3431
Te Kopua Beach,#35383f
Fitzroy Beach,#9b9ea0
Greytown,#bbbfbd
Fernhill,#6d6c68
Bruce Bay,#a3a29f
Roys Peak,#cbc9c5
Millwater,#c3c4c2
Point Wells,#b1b4b3
Northlake,#666966
Ōhakea,#8d96a0
Fort Dorset,#8d98a1
Wharariki,#606a74
Spirits Bay,#a7abb2
Titirangi,#3a3e40
Waikanae,#b6bdc3
Lake Wakatipu,#a3abb3
Rongotai,#585d67
Cascade Cove,#3c3a3c
Monkey Island,#a8adb7
Avalon,#b9bcc1
Spirits Bay Double,#91969f
Raurimu,#5a5c64
Mt Hikurangi,#b6bec5
Balclutha,#a3acb5
Whakarewarewa Quarter,#b3afa8
Franz Josef Half,#9c9d9a
Spirits Bay Half,#b6b9bd
Huapai,#635c61
Golden Downs,#383c42
Lion Rock,#494d55
Stony River,#938f8a
Stony River Half,#a6a29c
Ōhakea Quarter,#b3babf
Kingston Double,#808083
Young Nicks Head,#7a7c7d
Alligator Head Double,#847e7a
Caroline Bay,#76808a
Boulder Beach,#92908c
Old Man Range,#504e4e
Dark Cloud Range,#7f888f
Mt Albert,#c2bdb2
Tory Channel,#555d66
Skippers,#656c72
The Octagon,#7b7f88
Reefton,#9399a4
Northcote,#7c828e
Narrow Neck Double,#a6a499
Manawatū Gorge,#403d41
Hunterville,#3c3538
Goose Bay,#a3acb5
Conway Flat,#a8adb7
Bethells Beach,#353434
Boulder Bay,#444c54
Āniwaniwa Double,#c7ccd1
Midhirst Double,#918b7f
Midhirst Quarter,#c9c3b8
Waitara Beach,#545657
Wigram,#3a393a
Whakarewarewa Half,#9f9a92
Tīrau Double,#ababa9
Te Kūiti,#242322
Narrow Neck Half,#cdcabf
Mt Inaccessible,#433f3b
Maraetai Half,#90938f
Kingston Half,#a9aaab
Kingston,#959598
Castlecliff,#4f504f
Blackwood Bay,#2e2e2e
Whakarewarewa,#898781
The Remarkables,#494d53
Taihape,#363535
Shag Rock,#605c58
Rāwene,#3c3e3f
Piha,#31363b
Narrow Neck Quarter,#d9d8d0
Narrow Neck,#bdbbb3
Midhirst,#a8a398
Midhirst Half,#bbb6ab
Grey Lynn,#babfc2
Godley Head,#bab6b2
Glenbrook,#454445
Franz Josef Double,#767c80
Franz Josef,#888a89
Tīrau,#bdbebb
Maraetai Quarter,#a5a8a5
Āniwaniwa,#d4d8dc
Amorino Park,#96a7a4
Glen Murray,#a59788
Potters Park,#c2907a
Routeburn,#3f3c3e
Kaponga,#776a56
Mt Taranaki,#5d5041
Blackball,#685f56
Shoe Island,#887b6a
Te Kōpuru,#826e58
Kaimanawa Range,#e4d6be
Te Mata Peak,#a9896b
Urewera Half,#b6a28b
Stoke,#4d3b2d
Maratoto Rock,#745843
Urewera,#a08b71
Herald Island,#4e4136
Te Pūpūha Point,#6f6052
Nevis Valley,#897a66
Islington Bay,#635952
Western Springs,#897969
Cashmere,#b8b2a7
Hokitika,#947d68
Knuckle Point,#897968
Coalgate,#44372b
Tai Tapu,#423b35
Levin,#76655b
Carrick Range,#75615e
Mavora Quarter,#a7a296
Whanganui River,#94826f
Sandymount Half,#cebeac
Tongariro,#5d4c45
Woodville,#968577
Hopelands Half,#cbbeb3
Hopelands,#bbaca1
Kumeū,#403130
Black Giants,#72635e
The Iron Pot,#91776a
Pōkeno,#897570
Kaikorai Valley,#d0c8c4
Boggyburn,#615452
Fendalton,#b2a7a1
Hedgehope,#5e5453
Herne Bay,#7d746d
Westmere,#4b3d40
Hokonui Hills,#47373a
Khandallah,#3a3432
Mayor Island,#363231
Riwaka,#9c9387
Riwaka Half,#b0a79c
Ōamaru,#c6bdae
Pauātahanui,#958271
North Head,#b1a291
Ōhau,#e1ddd8
Molesworth,#bb9c7e
Maheno,#ded5c8
Kinleith Double,#cdbaa2
Mangaweka Quarter,#cdc4b5
Karekare,#8c8172
Maheno Double,#d4c8b9
Cumberland Street,#563b37
Hopelands Quarter,#d6cbc0
Hopelands Double,#a79689
Fendalton Half,#c1b8b1
Calm Peak,#dfc8aa
Diggers Valley,#83624f
King Country,#b6a494
Arrow Rock,#a89a89
Lindis Pass,#9f8d77
Karehana Bay,#a99683
Marokopa Falls,#826c59
Pauātahanui Half,#ac9c89
Pauātahanui Quarter,#b7ab9d
Hicks Bay,#e7e0d7
Whāngārā,#ded0c4
Waipukurau,#a38784
Riversdale,#9f9385
Rakaia Half,#aaa599
Mt Maunganui,#b7977c
Te Kaha,#d1c9be
Rakaia Double,#837b6e
Terrible Billy,#4f4b45
Rakaia,#938e83
Norsewood,#797268
Miramar,#544942
Mavora,#7b766d
Mangaweka,#a59e92
Laingholm,#59524a
Mangaweka Half,#b9b1a4
Mangaweka Double,#948977
Kohunui Bay,#aeafbb
Parkvale,#beb7bf
Gouland Downs,#c99f96
Havelock,#c4bdc3
Havelock Half,#d2cbd0
Mt Somers,#dfd9dc
Ōpunake,#594d54
Ngāruawāhia,#3d343f
Milton,#b5adb5
Diamond Harbour,#746a73
Amberley,#8d828c
Dusky Sound,#d4c5d5
Hickeys Mistake,#b3a3ba
Clarence River,#e7dee7
Tūrangi,#bcb3c3
Whangapē,#68546d
Rarawa Beach,#dcdce1
Virginia Lake,#51485c
Tuakau,#c6c5d9
Waitākeres,#9390b2
Lake Pūkaki,#736c8f
Ōrakei Kōrako Half,#dcd6e7
Moores Valley Road,#e7e1e8
Hāpuku,#b1a7cc
Katiki,#413450
Rabbit Island,#d0cce5
Tapanui,#705a89
The Pines Beach,#8e7baa
Outram,#42354f
Haunui Double,#e7e5e9
Koekohe Beach,#b2b0bd
Whangārei Heads,#737389
Lake Sumner,#525266
Tongapōrutu,#514e5c
Mossburn,#9d9fb3
Sawdon,#888aa0
Māngere Bridge,#d4d3e0
Mitre Peak,#36343f
Becks,#b9b6cb
Bishopdale,#928ea9
Kihikihi,#7e7793
42 Traverse,#c3c7d8
Waikuku,#686d92
Pukerua Bay,#5b546e
Nugget Point,#49465a
Lepperton,#3e4463
Pigeon Bay,#9ea8cf
Cricklewood,#777eb0
Petone,#7570a6
Tākaka,#b1b3c4
Purple Top Hill,#4b4976
Vulcan Lane,#5f5b91
Surfdale,#989aa7
Jacks Point,#838592
Benneydale,#5f616e
Takitimu Mountains,#bdc2cf
Ilam,#4d4d58
Lake Waikaremoana,#adb2c1
Raglan,#5e6377
Whangaroa,#3f4350
Pātea,#52383a
Aro Street,#c69eaf
Martinborough,#5b4149
Hātaitai,#824657
Mt Difficulty,#a67284
Te Atatū,#f1d3e0
Newmarket,#c67593
Danseys Pass,#70384d
Taradale,#e7b6ca
Parihaka,#f6e4ee
Vivian Street,#bd6886
Queen Street,#604e64
Middlemarch,#bcbac2
Kaikōura,#383c43
Lake Hauroko,#494e6c
Doubtful Sound,#423d4b
Denniston,#6a6c76
Waiomio Half,#d6d1dc
Gannet Island,#c2bdc2
West Plains,#ad969e
Waiomio,#c9c3d2
Sockburn,#d6afaf
Uretiti,#dc939b
Smugglers Bay Quarter,#eedddf
Ohoka,#cf9fab
Ōrakei Kōrako Quarter,#e5e0ec
Ngāuruhoe,#a198a2
Moawhango,#826f9f
Māpua,#ca9c9c
Kate Shepherd Place,#807db1
Kaiapoi,#8b818c
Manukau,#9695c5
Durie Hill,#9e9cab
Cape Palliser,#958a9f
Rāwhiti,#c2c3d2
Tītī Islands,#d7c1cd
Slipper Island,#8991b3
Russell,#2f3049
Napier,#b44970
Lake Aviemore,#b2b8d1
High Street,#a4334e
Cathedral Cove,#555c90
Ākitio,#624875
Kaituna,#856b72
Ōrakei Kōrako,#d1c9df
Five Fingers Peninsula,#697d89
Blue Pools,#b1c5cb
Murrays Bay,#7d94a2
Clifton,#6c939f
Mangawhai Heads,#3d8a96
Tuatapere,#31363b
Peep-O-Day,#383e44
Mt Cecil,#b2bbdb
Stirling Falls,#d1d7eb
Urupukapuka Half,#ccd6e9
Taiaroa Head,#d9dbdf
Urupukapuka,#bdc9e2
Hobsonville,#8290b1
Pūkawa,#6d758e
Springston,#3f414c
Pisa Moorings,#586880
Lake Tarawera,#606d8e
Moeraki,#39455c
Rothesay Bay,#49566b
Blueskin Bay,#4d5878
Twizel,#a9bcdd
Clutha,#94aad2
Pelorus Bridge,#5d74a9
Onerahi,#c9d7ed
Amodeo Bay,#495e93
Lake Alexandrina,#272e4e
Massey,#bec5d3
Blackhead Beach,#acb4c7
Tunnel Beach,#97a1b8
Lake Rotomahana,#3e4258
Lake Matheson,#4d546b
MacKinnon Pass,#828ca5
Sailors Cutting,#7a8da6
Onemana,#65768e
Spring Creek Half,#c8d5e7
Spring Creek,#b9c9e0
Cape Brett,#5172a0
Little Shoal Bay,#394f78
Blue Knob,#5a6c8c
Stilwell Bay,#b2c9e1
Lake Monowai,#9fbdda
Raetihi,#dce6eb
Birdlings Flat,#c6d8e8
Oneroa,#3c4965
Auckland Islands,#b2cdeb
Sumner,#9eb8d8
Huntly,#5075a9
Māhia,#89a6cd
Lake Harris,#b9c5d4
Mairangi Bay,#406194
Kairākau Beach,#a5b3c7
Kāwhia,#40495c
The Chasm,#929cac
Tauranga Bay,#7d8797
Lake Dunstan,#666f7f
Spectacle Lake,#526a81
Maketu,#5b7c9c
Mt Ward,#9eb8d0
Torpedo Bay,#405b78
Onetangi,#afc5d9
Hoopers Inlet,#6f8faf
Karioitahi Beach,#5782ae
Himatangi,#acc9e5
Separation Point,#84a9ce
East Beach,#3b618d
Lake Brunner,#303f55
Farewell Spit,#93c0e7
Campbells Bay,#d7ecf5
Lottin Point,#21446b
Lake Rotoiti,#33517b
Lochmara Bay Quarter,#cbe2f2
Methven,#619ed6
Lake Bright,#276aac
Hurstmere Road,#24589a
Paremata,#b7c5d3
Manapōuri,#0f4b8c
Balaena Bay,#91a2b5
Motukorea,#424b56
Knights Point,#5b6b7c
Tinopai,#7e8e9f
Port Fitzroy,#a6b5c5
Whakaipo Bay,#7598b8
Urenui,#67788a
Hot Water Beach,#8caac6
Ōhaupō,#2f3a46
Quay Street,#8da5bd
French Farm Bay,#7baccf
Mercer,#2a3f52
Waipū Cove,#3f77a3
Whakatāne,#527698
Kaka Point,#6398bf
Mt Dobson,#e2f0f5
Castor Bay,#c9e5f4
Punchbowl Falls,#32628a
Tairua,#1e4769
Fox Glacier,#a4d8f2
Ōkiwi Bay,#007ebe
Clifford Bay,#065183
Tapeka Beach,#6cbee7
Lake Taylor,#2a9dd5
Lake Karapiro,#005183
Five Fingers Peninsula Quarter,#96a6b2
Lake Mangamahoe,#3c4b56
Coal Island,#414a58
Island Bay,#a1bad2
Bridal Veil Falls,#7cc5de
Motukiekie Island,#5e88a6
Parakai,#abd0e0
Gulf Harbour,#b4c8db
Pākiri,#47a6c5
Canoe Bay,#dcf0f2
Goat Island,#105974
Taylors Mistake,#0d7c9f
Hole in the Rock,#0c4761
Catalina Bay,#c6e8ee
Lake Coleridge,#0a97bf
Ōpoutere,#a6d5e9
Lake Angelus,#36a9ce
Firth of Thames,#75c9e7
Lake Rotoma,#75929a
Houghton Bay,#0081ac
Lake Taupō,#00638b
Plimmerton,#005479
Lake Heron,#b8cfd9
Karori,#313b40
Whangaparāoa,#a3bfcd
Browns Bay,#425860
Charteris Bay,#a1c4cf
Big Bay,#c4dbdb
Lake Ellesmere,#6eb2be
Lyall Bay,#9dd0d8
Makaka Bay,#5d8c9b
Port Jackson,#354a54
O'Neills Bay,#d7f0f0
Kohimarama,#a6dee3
French Bay,#266973
Ocean View Beach,#194356
Dart River,#c8ebec
Watchman Island,#00718d
Lake Hood,#006684
Mārahau,#0094a9
Waiwera,#7fcfe2
Big Lagoon,#005c6d
Huka Falls,#6799a2
Lake Wardell,#7babb3
Adele Island,#b1d9db
Ōtaki Forks,#2e4e5b
Split Apple Rock,#c4ebe9
The Bubble,#7495b3
Selwyn,#294d6e
Lochmara Bay,#9dcce8
Whakakī Lagoon,#c1d4d6
Ōpua,#5193c4
North Cape,#8ca9b9
Caversham,#384669
Tutukaka,#303c40
Five Fingers Peninsula Half,#81939e
Black Reef,#2e4652
Moonlight Creek,#2a3249
Catseye Bay,#007d9b
All Day Bay,#425f9b
Mansion House Bay,#3fb4cf
Pūkaki Quarter,#cdd2ce
Rangitīkei River Quarter,#9ea8a8
Musick Point,#7d96c6
Lake Hāwea,#4a525c
Hahei,#a3b9ce
Cockle Bay,#dce0ef
Pūkaki Double,#989e98
Rangitīkei River Half,#8a9593
Mission Bay,#355b78
Kenepuru Sound,#2a3b51
Kellands Pond,#1f3665
Hauraki Gulf,#3f525e
Waioeka,#526d75
Ruakākā,#487584
Rangitīkei River,#6f7d80
Pūkaki Half,#bdc3be
Puhoi,#a0b2b9
Pūkaki,#abb2af
Poor Knights,#2b3746
Oriental Bay,#bbd0de
Lake Camp,#9bb4bc
Lake Tekapō,#51a8bf
George Street,#006bac
Cook Strait,#386168
Cooks Beach,#9bbdc3
Puhoi Half,#b4c2c7
Heaphy Track,#75917f
Waitangi Quarter,#d7d2c6
Queenstown Hill,#71845e
Kaitoke Beach,#0e4e4d
Apple Tree Bay,#c6dfde
Manu Bay,#77aca9
Pinehaven,#31817e
Mt Victoria,#51a1a1
Harihari,#eaf7f2
Kawau Island,#16a5a6
Cable Bay,#008487
Roberton Island,#7acdd0
Herbertville Beach,#96d9db
Ōakura,#59bfc2
Tīmaru,#006569
Ngātaringa Bay,#b4c2b6
Tauherenīkau,#a0b0a3
Remutaka Range,#8c9d8e
Sugarloaf Island Half,#d1dbd2
Long Harry Bay,#5a665c
Ōkete,#2c464a
Wiroa Island,#4c6a67
Morison Bush Half,#cde5dd
Punakaiki,#95b6b4
Chatto Creek,#2b645d
Warrington,#a5d0c5
Morison Bush,#bcdbd3
D'Urville Island,#7bb5ac
Hidden Falls,#e2f6ef
New Plymouth,#5ab9a1
Horseshoe Falls,#8bd3c4
Ōtama Beach,#72c8b5
Orewa,#b9e7db
Cape Jackson,#349b7f
Ōmihi,#026b5a
One Tree Hill,#2d7f69
Whakaari / White Island,#c9cbbf
Whakaari / White Island Half,#d6d8cd
Glendhu Bay,#a6ae9f
McKellar Saddle,#7e8574
Motutapu Island,#5f655a
Whakaari / White Island Double,#b9bbad
Arthur's Pass,#929585
Mt Messenger,#3d4844
Katikati,#384e46
Mokai Canyon,#81a79d
Ruahine,#6d9287
Yaldhurst,#c0d3ca
Gonville,#9bc2b3
Waiheke,#2c5c4d
Parnassus,#afd1c3
Rārangi,#85b2a0
Waimauku Half,#cee3d8
Waimārama,#4a5756
Cornwall Park,#b0e5c7
Sheerdown Peak,#dff2e3
Tinkertown,#474c48
Barrys Bay,#c2ebd0
Purity Hut,#83d1a6
Whangamatā,#9bdcb7
Greta Valley,#3bb76f
Kurow,#1e974e
Winton,#61ba82
Kārewa Island,#157951
Whitemans Valley Half,#d6d9cb
Whitemans Valley,#c8ccbb
Kohukohunui,#bfc0aa
Willow Flat,#a7aa9a
Musket Bay,#656756
Casino Hut,#9db8aa
Mangakino,#969984
Emerald Pools,#dbe3d1
Pureora,#567062
Wadestown,#c9e3cb
Pūrākaunui Bay,#88a495
Happy Valley,#32493c
Avonhead,#aac4a6
Mōtū River,#cadbc7
Grove Arm,#6eb476
Chatham Islands,#3a533c
Sandringham,#e4f5e1
Wainuiomata,#52b960
Halswell,#b6dbbe
Glentui,#8fc39c
Geraldine,#a5d0ae
Shotover Street,#00834a
Cossack Rock,#a9a594
Pāuanui,#93907f
Ardmore,#95a28a
Gracefield,#2aaa41
Grahams Beach,#455338
Woods Creek,#bcc5b2
Claris,#90a073
Tōtara Park,#ccd3c3
Cloudy Range,#757361
Hakatere,#d6e1c1
Ōtatara,#4a613a
Inglewood,#9fd196
Okains Bay,#aabf8b
Mt Sefton,#e7f1d0
Oakley Creek,#ebf7e8
Mataī Falls,#c3e4bc
Lake Gunn Forest,#b2daaa
Hawke's Bay,#cff0cc
Tiniroto,#62a348
Wellsford,#cdd1bc
Wai o Taiki Bay,#6eb54b
Mahora,#6cac58
Eketāhuna,#8cc379
Flat Island,#6d6f57
Ōhiwa,#9b9e80
Martins Creek,#b1b49a
Taieri,#4f513f
Ngātea,#cfd79d
Pukekura Park,#8b8c6e
Burgess Park,#ecf3e5
Te Puke,#97a263
Lake Waihola,#e3edc1
Waituna West,#c6cd87
Waimea,#e8f2c4
Te Ahuahu,#d2e587
Pohangina,#bfd75a
Waterfall Bay,#edf4d2
Tiritea,#e1ebb1
The Pinnacles,#8aaf38
Karamea,#a6c348
Mt Stevens,#505238
Wright Hill,#bebc99
Tapora,#afb75f
Tarras,#817c58
St Bathans,#a2986a
Britomart,#babf6c
Ashhurst,#8d974e
Matauri Bay,#cdcc99
Naenae,#cacd40
Devil's Pool,#bce12a
Puysegur Point,#9c9380
Te Horo,#6d725a
Wright Hill Quarter,#dad4ba
Raymonds Gap,#817b69
Whitemans Valley Double,#b9b9a5
Waitomo Caves,#dbd4b0
Punga Cove,#42463e
Marine Parade,#3a3c36
Basin Reserve,#5a5d56
Mōrere,#aabda2
Mt Bruce,#525550
Middlemore,#576d61
Kōpū,#757c49
Manfeild,#698364
Matauri Bay Double,#bab072
Mystery Creek,#b0b07b
Emerald Lakes,#4c785f
Cossack Rock Quarter,#cac5b6
Colac Bay,#4dc0a6
Malaspina Reach,#b0c3ba
Whitemans Valley Quarter,#e0e3d7
Whakaari / White Island Quarter,#e0e1d8
Wright Hill Half,#ceccad
Waitangi Half,#c9c3b5
Waimauku Quarter,#daeae1
Wadestown Quarter,#e0efe1
Sugarloaf Island Quarter,#dce4dd
Pororari River Quarter,#cdc3a7
Lincoln,#343b37
Hutt River,#c8c1b1
Murchison,#bbb4a4
Kea Point,#345e61
Lake Ferry,#a39b87
Moana Reserve Half,#d6d8c9
Moana Reserve Quarter,#e1e2d6
Moana Reserve,#c9ccba
Wainui Beach,#9ab4ac
Waitangi Double,#afa491
Te Aroha,#838e75
Pt Chevalier,#427571
Lyttelton Double,#adaea6
Waitangi,#c2bba9
The Viaduct,#008e96
Te Ānau,#7da3a2
Pencarrow,#6c7a74
Ōhai,#8b9188
Ōhai Half,#9fa39a
Matamata,#b0a980
Lyttelton Half,#cecfca
Lakeside,#a9c7c3
Cuba Street,#b1c05e
Benmore Half,#ccdfdb
Dusky Forest,#6d6746
Waitiki Landing,#c0d5c9
Sugarloaf Island,#c2cfc5
Rangipo,#9a886a
Te Waewae Half,#d9c7ab
Devonport,#f0efbf
Church Road,#d4cd58
Brookby,#dcd467
Southbridge,#e3dc84
Dog Kennel Corner,#ebeaaf
Silverstream,#e5e2bf
Invercargill,#665738
Waiōuru,#9c8752
Longwood Forest,#dbd399
Te Puna,#e2deae
Pigeon Bush,#c1b25c
Clive,#96913a
Mayfield,#ede29a
Stewart Island,#f0eebe
Zalatown,#e4d066
Flaxmere,#f8f6df
Sergeants Hill,#eada82
Waipara,#f2e9af
Snells Beach,#bebc35
Fort Street,#e9dd24
Dipton,#e5d398
Desert Road,#ddc17e
Masterton,#bf9e4a
Arrow River,#cfb059
Hibiscus Coast,#dfc781
Te Rapa Half,#f0eacd
Kaiwaka,#fbf0bf
Duntroon,#d6bf80
Wairoa,#f9f0d7
Homer Tunnel,#b09337
Paihia,#ffe481
Crow Valley,#cda959
Rotorua,#fcd33b
Ōmāpere,#fdeeaf
Lochiel,#ffdd62
Waipawa,#fbd624
Aotea Quay,#e5c53f
Lawrence,#e1bb2f
Champagne Springs Quarter,#f9f0d7
Cheddar Valley,#ebd9aa
Five Rivers,#5b4e39
Pataua Beach,#d1bc92
Waihī,#a47d3f
Naseby,#8e6838
Wairau,#cea663
Kelvin Heights,#f6d37f
Champagne Springs Half,#f9eccb
Pukekawa,#ecddad
Kamo,#c79535
Blanket Bay,#f8f3e0
Carterton,#f9d464
Koromiko,#fde599
Ōtorohanga,#fbeebf
Kōwhai Park,#f3c440
Cape Kidnappers,#fcdc81
Fitzroy,#fcebae
Tōtaranui,#eaddc0
Darfield,#c5ac7c
Pyramid Valley,#caa66e
Waikino,#5a4c39
Lindale,#f8dfa9
Whitcombe Valley,#7c6742
Tāmaki,#dbb37a
Houhora,#c89b59
Paekākāriki,#ead9b6
Macetown,#e9bc63
Washdyke,#987444
Glentunnel,#816440
Champagne Springs,#f9e6bb
Kaiteriteri,#f6d27f
Albury,#f5d593
Silverdale,#f9efd8
Manaia,#c58c37
Lichfield,#fbe9bb
Torrent Bay,#efc87c
Granity,#5d4a38
Rai Valley,#d8c8a9
Halfmoon Bay,#ebddbf
Moa Flat,#c5ab84
West Melton,#7d603f
Whale Bay,#e9d9c2
Tōtaranui Half,#f0e2c8
Pearl Island,#e7d78f
Paeroa,#e6c089
Limehills Half,#d7c59b
Limehills Double,#bca56e
Matauri Bay Quarter,#e6dcb7
Matauri Bay Half,#ddd1a5
Gore,#42392f
Waipapakauri,#756042
Limehills,#c4af7f
Edendale Double,#c9bd9f
Dunsandel,#c7b796
Dunsandel Double,#b7a482
Darfield Half,#d3b88f
Edendale,#d7ccb2
Dashwood Pass,#bd9369
Cape Rēinga Half,#d4bc90
Collingwood Double,#dfcfb1
Cape Rēinga,#cab181
Gentle Annie,#d9d5ad
Ōmarama,#b7a07a
Edendale Half,#e1d9c3
Dunsandel Half,#d5cbae
Kāpiti,#cbb992
Te Waewae,#ccb798
Ōmarama Double,#ae8e66
Shelly Beach,#ebd9aa
Pororari River,#b0a47e
Lambton Quay,#d5b966
Limehills Quarter,#ded5b0
Kereta,#e0c38e
Hagley Park,#fae5ab
Halfmoon Bay Quarter,#f3ecd9
Eskdale,#d2b995
Collingwood,#e5dcc4
Awatere,#d3b266
Canvastown,#b6a167
Herbert,#9d7638
Hinuera,#decc96
Victoria Street,#f6cd55
Te Rapa,#ebe3be
Port Ōhope,#deb45b
Cavelli Islands,#d6bf43
Anaura Bay,#fcba2d
Matapōuri,#bc8d57
Cape Runaway,#fbe0ac
Karaka Bay,#f1ad3c
Tata Beach,#edb959
Otūmoetai,#f5cd80
Horsham Downs,#c18534
Gisborne,#fca92f
Ida Valley,#e3a859
The Terrace,#daaf7d
Knottingley Park,#b6803f
Fitzherbert Ave,#be7b35
Thames,#a36f36
Macraes Flat,#bd8753
Waihau Bay,#795235
Fortrose,#bc8743
Evansdale Half,#fae8cd
Medlands Beach,#ead0a2
Evansdale,#fbe3bf
Omaha,#e1c290
Sherwood,#fcdcaf
Morven,#fad19c
Kūmara,#f2b66a
Ninety Mile Beach,#f7dfb9
Sheffield,#e99e4b
Cheviot,#eeac5d
Raumati,#d9853f
Evans Bay,#e8944b
Riverton,#b77e53
Kūaotunu,#dec8ae
Tokoroa,#88593a
Broadfield,#c48e5e
Frankton,#734833
Herd Street,#d7a97f
Ligar Bay,#de9351
Baylys Beach,#dfb995
Abbotsford,#cc996a
Albert Town,#d27b34
Pukehina Half,#f7e0c9
Mercury Bay,#fde4c6
Roxburgh,#ffcfa0
Hāwera,#faecdd
Mercury Bay Half,#fbebd3
Mititai,#ffc18a
Moorehouse Street,#f88c30
Green Island,#ffac62
Tapawera,#d7bda6
Opito Bay,#e5d1c0
Broadway,#d5a285
Cape Campbell,#8a4e30
Ngongotahā,#ead4c7
Kingsland,#a98469
St Andrews,#faeee4
Bainham,#6d4333
Taumata,#f2d0bf
Taumata Quarter,#f7e5d9
Bucklands Beach,#f7baa2
Kuratau,#eb9a76
Ruawai,#dd7f5a
Pōrangahau,#c4552d
Coatesville,#ad4430
Benhar,#d69579
Rangatāua,#b55732
Kākahi,#edd3c7
Nile Street,#c4795d
Tāne Mahuta,#934a35
Waitārere Beach,#ffaa97
Havelock North,#ff9d80
Te Awamutu,#fc7f5d
The Domain,#fac9b5
Ponsonby,#9d6750
Courtenay Place,#e35840
Halfway Bluff,#c6765f
Merino Downs,#f2ded4
Gabriel's Gully,#e7c7a9
Honeymoon Valley,#ff9f68
Pukehina,#f5d5ba
Eltham,#fad997
Earnscleugh,#ca965d
Cheltenham,#ede0d4
Bunnythorpe Quarter,#f0e7d4
Bunnythorpe,#e2d3b8
Bunnythorpe Half,#eadec7
Awaroa,#deb29a
Rangitata,#e7b7a4
Port Hills,#e64d1b
Ōhakune,#ef9029
Kerikeri,#c06f32
Tokomaru Bay,#ac542d
Tītahi Bay,#e8c3ae
Rangitoto,#904433
Motueka,#c18562
Mangatainoka,#dc7842
Te Araroa,#97342c
Gimblett Rd,#773938
Ranfurly,#814c43
Prebbleton,#d1b6a7
Dunedin,#dcc5b9
Lauder,#a17a66
Borland,#906c5d
Tikitiki,#7a443a
Golden Springs,#f9f0ef
Mussel Point,#fee1da
Takapuna Beach,#bc4939
Whitianga,#e9b5a8
Kumutoto Half,#e7d8d4
Bland Bay,#bf9d91
Big Glory Bay,#da9284
Moncks Bay,#6a3a36
Pōhutu Geyser,#9f6e60
Tokaanu,#f4e6e5
Kaipara,#62403b
Redcliffs,#903b2f
Andersons Bay,#c77462
Tokerau Beach,#ffd4d1
Flat Point,#fd938f
Three Kings,#a14237
Double Cove,#f47369
Thornbury,#9b3934
Riccarton,#ffc6c2
Foxton Beach,#ffb6b2
Devils Staircase,#d43938
Colombo Street,#c92c2b
Whakapapa,#5b3e3c
Ōtautau,#e5cec9
Tokatoka,#b56f66
Vinegar Hill,#dba09e
Red Rocks,#8a3b34
Gordonton,#eed0cd
Āwhitu,#ffb4b4
Moutere,#76362e
Waimakariri River,#c9706a
Aratapu,#d5847e
Albany,#f6eef2
Wenderholm,#aa3030
Burkes Pass,#e6afb0
Whiritoa,#efcfd2
Ashburton,#e4898d
Kākānui,#94302f
Cherry Bay,#d16869
Morikau,#9e6a66
Point England,#f1dedd
Rangiora,#deb2af
Silo Park,#6b3938
Warkworth,#5e3e41
Snowdon Forest,#b98278
Devils Backbone,#7a3332
Hāwai,#e1c1c1
Richmond,#d9a5ac
Ruby Bay,#d18e8d
Passage Rock,#60352e
Crown Range,#eab2b3
Tikokino,#fad0d2
Hurunui,#bb5f63
Eastern Bush,#fbeceb
Millers Flat,#e5a0a1
K Road,#c84848
Ness Valley,#9a3335
Ettrick,#893737
Smugglers Bay,#e0c4c9
Punaromia Quarter,#dfd2ca
Punaromia,#c6b3a9
Scorching Bay,#ae3b3d
Horeke,#a49086
Roseneath,#c17c83
Red Post Junction,#664140
Winchester Half,#edd9d9
Greenlane,#d7b3ba
Ōhaeawai,#a86f64
Waimangu Valley,#f8eaed
Smugglers Bay Half,#e9d2d6
Hidden Valley,#efcfd2
Red Beach,#8c474d
Ellerslie,#ca798b
Welcome Bay,#a73944
Pandora,#f1c2c3
Gladstone Road,#b35968
Tauhara Park,#ab4d53
Mechanics Bay,#af9794
Garston Double,#e0d4cd
Tirimoana,#96827d
Kawerau,#806461
Gillespies Beach,#9b555f
Omaui,#8e3646
Tawa,#9f3649
Punaromia Double,#b39c90
Matakana,#87393b
Lake Hayes,#5f3935
Lake Grassmere,#a54c4e
Dargaville,#ac7b7b
Earthquake Flat,#845a4e
Bluff Hill,#d39f93
Ngāpuna,#c2a292
Roaring Meg,#be4c3e
Waverley,#793d29
Trentham,#d7c0ba
Ngawi,#8d4f4c
Kaitaia,#ae2b2f
Alexandra,#eed2cb
Red Jacks,#95352e
Oxford Terrace,#af3f42
Kelburn,#a85c60
Gibbston Valley,#68393d
Cashel Street,#e6a7ae
